{"loss": 8.139041440813344e-09, "_timestamp": 1665536871.1776497, "_runtime": 8.157906770706177, "_step": 999, "_wandb": {"runtime": 25297}}