{"loss": 2.3141034034779295e-05, "_timestamp": 1665492187.4016843, "_runtime": 1837.4860463142395, "_step": 1000, "_wandb": {"runtime": 3926}}