{"loss": 7.458565050910693e-06, "_timestamp": 1665470064.1446319, "_runtime": 128.6583547592163, "_step": 999}