{"loss": 1.0222722721664468e-06, "_timestamp": 1665499179.2906358, "_runtime": 8.232956886291504, "_step": 999, "_wandb": {"runtime": 37663}}