{"loss": 1.2930850346037914e-07, "_timestamp": 1665562197.0418177, "_runtime": 8.152812719345093, "_step": 999}