{"loss": 7.78795694600376e-08, "_timestamp": 1665498992.8342729, "_runtime": 8.085845947265625, "_step": 999, "_wandb": {"runtime": 159}}