{"loss": 1.4505721992463805e-05, "_timestamp": 1665494335.3113651, "_runtime": 30.021518230438232, "_step": 1000, "_wandb": {"runtime": 4651}}